Vout,Iout,Irradiance,Temperature,MaxVoltage,MaxPower
0.011686377630984316,2.3372979999999997,1951,24,21.874300841875204,50.64928224931817
0.035058916800769835,2.3372979999999997,1951,24,21.874300841875204,50.64928224931817
0.058430980812696404,2.3372860798925688,1951,24,21.874300841875204,50.64928224931817
0.08180248477996988,2.337262707353399,1951,24,21.874300841875204,50.64928224931817
0.10517340096011325,2.337239335290579,1951,24,21.874300841875204,50.64928224931817
0.12854375660505732,2.337215963788949,1951,24,21.874300841875204,50.64928224931817
0.15191357687088286,2.337192592875106,1951,24,21.874300841875204,50.64928224931817
0.17528288497856098,2.337169222521798,1951,24,21.874300841875204,50.64928224931817
0.1986517023625844,2.3371458527038693,1951,24,21.874300841875204,50.64928224931817
0.22202004880842213,2.337122483398099,1951,24,21.874300841875204,50.64928224931817
0.24538794257939772,2.3370991145830518,1951,24,21.874300841875204,50.64928224931817
0.2687554005338055,2.337075746238943,1951,24,21.874300841875204,50.64928224931817
0.29212243823301604,2.337052378347509,1951,24,21.874300841875204,50.64928224931817
0.31548907004126314,2.337029010891891,1951,24,21.874300841875204,50.64928224931817
0.3388553092177535,2.337005643856529,1951,24,21.874300841875204,50.64928224931817
0.36222116800168935,2.336982277227057,1951,24,21.874300841875204,50.64928224931817
0.38558665769074946,2.3369589109902176,1951,24,21.874300841875204,50.64928224931817
0.4089517887135305,2.33693554513377,1951,24,21.874300841875204,50.64928224931817
0.4323165706964167,2.3369121796464176,1951,24,21.874300841875204,50.64928224931817
0.4556810125253025,2.3368888145177316,1951,24,21.874300841875204,50.64928224931817
0.47904512240256747,2.3368654497380854,1951,24,21.874300841875204,50.64928224931817
0.5024089078996671,2.336842085298593,1951,24,21.874300841875204,50.64928224931817
0.5257723760056763,2.3368187211910523,1951,24,21.874300841875204,50.64928224931817
0.5491355331720996,2.3367953574078912,1951,24,21.874300841875204,50.64928224931817
0.5724983853542325,2.3367719939421217,1951,24,21.874300841875204,50.64928224931817
0.5958609380493398,2.336748630787292,1951,24,21.874300841875204,50.64928224931817
0.6192231963318982,2.336725267937446,1951,24,21.874300841875204,50.64928224931817
0.6425851648861256,2.336701905387087,1951,24,21.874300841875204,50.64928224931817
0.6659468480360086,2.336678543131141,1951,24,21.874300841875204,50.64928224931817
0.6893082497730192,2.336655181164923,1951,24,21.874300841875204,50.64928224931817
0.7126693737816985,2.336631819484109,1951,24,21.874300841875204,50.64928224931817
0.7360302234632732,2.3366084580847084,1951,24,21.874300841875204,50.64928224931817
0.7593908019574539,2.336585096963036,1951,24,21.874300841875204,50.64928224931817
0.7827511121625563,2.3365617361156907,1951,24,21.874300841875204,50.64928224931817
0.8061111567540753,2.3365383755395324,1951,24,21.874300841875204,50.64928224931817
0.8294709382018282,2.3365150152316634,1951,24,21.874300841875204,50.64928224931817
0.8528304587857802,2.336491655189408,1951,24,21.874300841875204,50.64928224931817
0.8761897206106527,2.336468295410296,1951,24,21.874300841875204,50.64928224931817
0.8995487256194052,2.3364449358920485,1951,24,21.874300841875204,50.64928224931817
0.9229074756056836,2.3364215766325596,1951,24,21.874300841875204,50.64928224931817
0.9462659722253062,2.3363982176298865,1951,24,21.874300841875204,50.64928224931817
0.9696242170068706,2.336374858882236,1951,24,21.874300841875204,50.64928224931817
0.9929822113615412,2.3363515003879525,1951,24,21.874300841875204,50.64928224931817
1.0163399565920845,2.336328142145507,1951,24,21.874300841875204,50.64928224931817
1.0396974539012098,2.336304784153488,1951,24,21.874300841875204,50.64928224931817
1.0630547043992677,2.3362814264105936,1951,24,21.874300841875204,50.64928224931817
1.0864117091113563,2.33625806891562,1951,24,21.874300841875204,50.64928224931817
1.109768468983881,2.3362347116674576,1951,24,21.874300841875204,50.64928224931817
1.1331249848906078,2.3362113546650813,1951,24,21.874300841875204,50.64928224931817
1.156481257638255,2.3361879979075444,1951,24,21.874300841875204,50.64928224931817
1.179837287971649,2.3361646413939736,1951,24,21.874300841875204,50.64928224931817
1.203193076578488,2.3361412851235617,1951,24,21.874300841875204,50.64928224931817
1.2265486240937375,2.336117929095564,1951,24,21.874300841875204,50.64928224931817
1.249903931103687,2.3360945733092926,1951,24,21.874300841875204,50.64928224931817
1.2732589981496965,2.336071217764113,1951,24,21.874300841875204,50.64928224931817
1.296613825731651,2.3360478624594387,1951,24,21.874300841875204,50.64928224931817
1.3199684143111543,2.336024507394728,1951,24,21.874300841875204,50.64928224931817
1.3433227643144727,2.336001152569482,1951,24,21.874300841875204,50.64928224931817
1.3666768761352552,2.335977797983238,1951,24,21.874300841875204,50.64928224931817
1.390030750137041,2.33595444363557,1951,24,21.874300841875204,50.64928224931817
1.4133843866555789,2.3359310895260847,1951,24,21.874300841875204,50.64928224931817
1.4367377860009638,2.3359077356544184,1951,24,21.874300841875204,50.64928224931817
1.4600909484596116,2.335884382020235,1951,24,21.874300841875204,50.64928224931817
1.4834438742960792,2.335861028623225,1951,24,21.874300841875204,50.64928224931817
1.5067965637547491,2.335837675463102,1951,24,21.874300841875204,50.64928224931817
1.5301490170613785,2.335814322539601,1951,24,21.874300841875204,50.64928224931817
1.5535012344245358,2.3357909698524773,1951,24,21.874300841875204,50.64928224931817
1.5768532160369202,2.335767617401506,1951,24,21.874300841875204,50.64928224931817
1.600204962076585,2.335744265186478,1951,24,21.874300841875204,50.64928224931817
1.623556472708062,2.335720913207201,1951,24,21.874300841875204,50.64928224931817
1.646907748083404,2.3356975614634967,1951,24,21.874300841875204,50.64928224931817
1.6702587883431446,2.3356742099552004,1951,24,21.874300841875204,50.64928224931817
1.6936095936171829,2.3356508586821603,1951,24,21.874300841875204,50.64928224931817
1.7169601640256034,2.3356275076442357,1951,24,21.874300841875204,50.64928224931817
1.7403104996794323,2.3356041568412964,1951,24,21.874300841875204,50.64928224931817
1.7636606006813298,2.335580806273223,1951,24,21.874300841875204,50.64928224931817
1.7870104671262392,2.3355574559399046,1951,24,21.874300841875204,50.64928224931817
1.8103600991019777,2.3355341058412376,1951,24,21.874300841875204,50.64928224931817
1.8337094966897847,2.3355107559771278,1951,24,21.874300841875204,50.64928224931817
1.857058659964829,2.3354874063474873,1951,24,21.874300841875204,50.64928224931817
1.880407588996675,2.3354640569522345,1951,24,21.874300841875204,50.64928224931817
1.9037562838497146,2.335440707791294,1951,24,21.874300841875204,50.64928224931817
1.9271047445835643,2.3354173588645972,1951,24,21.874300841875204,50.64928224931817
1.9504529712534333,2.335394010172079,1951,24,21.874300841875204,50.64928224931817
1.9738009639104634,2.33537066171368,1951,24,21.874300841875204,50.64928224931817
1.9971487226020395,2.335347313489345,1951,24,21.874300841875204,50.64928224931817
2.0204962473720816,2.335323965499023,1951,24,21.874300841875204,50.64928224931817
2.0438435382613083,2.335300617742666,1951,24,21.874300841875204,50.64928224931817
2.067190595307487,2.335277270220231,1951,24,21.874300841875204,50.64928224931817
2.0905374185456576,2.3352539229316767,1951,24,21.874300841875204,50.64928224931817
2.1138840080083416,2.3352305758769654,1951,24,21.874300841875204,50.64928224931817
2.137230363725741,2.3352072290560617,1951,24,21.874300841875204,50.64928224931817
2.1605764857259113,2.3351838824689337,1951,24,21.874300841875204,50.64928224931817
2.1839223740349314,2.335160536115551,1951,24,21.874300841875204,50.64928224931817
2.20726802867705,2.3351371899958857,1951,24,21.874300841875204,50.64928224931817
2.230613449674831,2.335113844109911,1951,24,21.874300841875204,50.64928224931817
2.2539586370492826,2.3350904984576037,1951,24,21.874300841875204,50.64928224931817
2.277303590819975,2.33506715303894,1951,24,21.874300841875204,50.64928224931817
2.3006483110051525,2.3350438078539004,1951,24,21.874300841875204,50.64928224931817
2.323992797621834,2.3350204629024645,1951,24,21.874300841875204,50.64928224931817
2.3473370506859115,2.3349971181846136,1951,24,21.874300841875204,50.64928224931817
2.370681070212231,2.3349737737003315,1951,24,21.874300841875204,50.64928224931817
2.394024856214677,2.3349504294496017,1951,24,21.874300841875204,50.64928224931817
2.417368408706243,2.33492708543241,1951,24,21.874300841875204,50.64928224931817
2.440711727699106,2.334903741648742,1951,24,21.874300841875204,50.64928224931817
2.464054813204683,2.334880398098585,1951,24,21.874300841875204,50.64928224931817
2.4873976652336935,2.3348570547819265,1951,24,21.874300841875204,50.64928224931817
2.510740283796209,2.334833711698755,1951,24,21.874300841875204,50.64928224931817
2.534082668901709,2.3348103688490607,1951,24,21.874300841875204,50.64928224931817
2.5574248205591217,2.3347870262328323,1951,24,21.874300841875204,50.64928224931817
2.5807667387768665,2.334763683850061,1951,24,21.874300841875204,50.64928224931817
2.604108423562897,2.334740341700738,1951,24,21.874300841875204,50.64928224931817
2.627449874924732,2.3347169997848543,1951,24,21.874300841875204,50.64928224931817
2.6507910928694933,2.3346936581024025,1951,24,21.874300841875204,50.64928224931817
2.674132077403933,2.334670316653375,1951,24,21.874300841875204,50.64928224931817
2.697472828534463,2.3346469754377646,1951,24,21.874300841875204,50.64928224931817
2.720813346267183,2.334623634455564,1951,24,21.874300841875204,50.64928224931817
2.7441536306079004,2.334600293706768,1951,24,21.874300841875204,50.64928224931817
2.767493681562158,2.334576953191369,1951,24,21.874300841875204,50.64928224931817
2.790833499135248,2.3345536129093625,1951,24,21.874300841875204,50.64928224931817
2.8141730833322387,2.334530272860742,1951,24,21.874300841875204,50.64928224931817
2.8375124341579854,2.3345069330455033,1951,24,21.874300841875204,50.64928224931817
2.860851551617151,2.33448359346364,1951,24,21.874300841875204,50.64928224931817
2.8841904357142165,2.3344602541151485,1951,24,21.874300841875204,50.64928224931817
2.9075290864535,2.334436915000023,1951,24,21.874300841875204,50.64928224931817
2.9308675038391674,2.33441357611826,1951,24,21.874300841875204,50.64928224931817
2.954205687875242,2.334390237469855,1951,24,21.874300841875204,50.64928224931817
2.9775436385656153,2.3343668990548028,1951,24,21.874300841875204,50.64928224931817
3.0008813559140632,2.3343435608731005,1951,24,21.874300841875204,50.64928224931817
3.0242188399242473,2.334320222924744,1951,24,21.874300841875204,50.64928224931817
3.047556090599726,2.3342968852097297,1951,24,21.874300841875204,50.64928224931817
3.0708931079439674,2.334273547728053,1951,24,21.874300841875204,50.64928224931817
3.0942298919603495,2.3342502104797114,1951,24,21.874300841875204,50.64928224931817
3.1175664426521705,2.3342268734647007,1951,24,21.874300841875204,50.64928224931817
3.140902760022653,2.334203536683018,1951,24,21.874300841875204,50.64928224931817
3.1642388440749527,2.3341802001346603,1951,24,21.874300841875204,50.64928224931817
3.187574694812162,2.3341568638196235,1951,24,21.874300841875204,50.64928224931817
3.2109103122373144,2.3341335277379045,1951,24,21.874300841875204,50.64928224931817
3.234245696353388,2.334110191889501,1951,24,21.874300841875204,50.64928224931817
3.2575808471633128,2.3340868562744097,1951,24,21.874300841875204,50.64928224931817
3.280915764669973,2.3340635208926273,1951,24,21.874300841875204,50.64928224931817
3.30425044887621,2.3340401857441506,1951,24,21.874300841875204,50.64928224931817
3.3275848997848256,2.3340168508289776,1951,24,21.874300841875204,50.64928224931817
3.3509191173985853,2.333993516147105,1951,24,21.874300841875204,50.64928224931817
3.3742531017202215,2.33397018169853,1951,24,21.874300841875204,50.64928224931817
3.397586852752437,2.3339468474832494,1951,24,21.874300841875204,50.64928224931817
3.420920370497904,2.3339235135012615,1951,24,21.874300841875204,50.64928224931817
3.444253654959271,2.3339001797525625,1951,24,21.874300841875204,50.64928224931817
3.467586706139158,2.33387684623715,1951,24,21.874300841875204,50.64928224931817
3.490919524040168,2.3338535129550224,1951,24,21.874300841875204,50.64928224931817
3.5142521086648784,2.333830179906176,1951,24,21.874300841875204,50.64928224931817
3.537584460015853,2.3338068470906084,1951,24,21.874300841875204,50.64928224931817
3.560916578095632,2.333783514508317,1951,24,21.874300841875204,50.64928224931817
3.5842484629067433,2.333760182159299,1951,24,21.874300841875204,50.64928224931817
3.6075801144516992,2.3337368500435525,1951,24,21.874300841875204,50.64928224931817
3.6309115327329966,2.333713518161075,1951,24,21.874300841875204,50.64928224931817
3.654242717753121,2.333690186511863,1951,24,21.874300841875204,50.64928224931817
3.6775736695145453,2.333666855095915,1951,24,21.874300841875204,50.64928224931817
3.7009043880197336,2.333643523913228,1951,24,21.874300841875204,50.64928224931817
3.7242348732711372,2.3336201929637994,1951,24,21.874300841875204,50.64928224931817
3.747565125271199,2.3335968622476275,1951,24,21.874300841875204,50.64928224931817
3.770895144022354,2.333573531764709,1951,24,21.874300841875204,50.64928224931817
3.79422492952703,2.333550201515042,1951,24,21.874300841875204,50.64928224931817
3.817554481787644,2.333526871498624,1951,24,21.874300841875204,50.64928224931817
3.8408838008066097,2.3335035417154524,1951,24,21.874300841875204,50.64928224931817
3.864212886586333,2.333480212165525,1951,24,21.874300841875204,50.64928224931817
3.8875417391292153,2.333456882848839,1951,24,21.874300841875204,50.64928224931817
3.9108703584376516,2.333433553765392,1951,24,21.874300841875204,50.64928224931817
3.934198744514032,2.3334102249151822,1951,24,21.874300841875204,50.64928224931817
3.9575268973607423,2.3333868962982067,1951,24,21.874300841875204,50.64928224931817
3.980854816980164,2.3333635679144633,1951,24,21.874300841875204,50.64928224931817
4.004182503374675,2.3333402397639493,1951,24,21.874300841875204,50.64928224931817
4.027509956546651,2.3333169118466626,1951,24,21.874300841875204,50.64928224931817
4.05083717649846,2.333293584162601,1951,24,21.874300841875204,50.64928224931817
4.074164163232472,2.333270256711762,1951,24,21.874300841875204,50.64928224931817
4.097490916751052,2.333246929494143,1951,24,21.874300841875204,50.64928224931817
4.120817437056561,2.3332236025097415,1951,24,21.874300841875204,50.64928224931817
4.14414372415136,2.3332002757585557,1951,24,21.874300841875204,50.64928224931817
4.167469778037809,2.333176949240583,1951,24,21.874300841875204,50.64928224931817
4.1907955987182595,2.3331536229558205,1951,24,21.874300841875204,50.64928224931817
4.21412118619507,2.333130296904267,1951,24,21.874300841875204,50.64928224931817
4.237446540470589,2.333106971085919,1951,24,21.874300841875204,50.64928224931817
4.260771661547168,2.333083645500775,1951,24,21.874300841875204,50.64928224931817
4.284096549427157,2.333060320148832,1951,24,21.874300841875204,50.64928224931817
4.307421204112903,2.333036995030088,1951,24,21.874300841875204,50.64928224931817
4.330745625606753,2.3330136701445405,1951,24,21.874300841875204,50.64928224931817
4.354069813911051,2.3329903454921874,1951,24,21.874300841875204,50.64928224931817
4.377393769028143,2.332967021073026,1951,24,21.874300841875204,50.64928224931817
4.400717490960371,2.332943696887054,1951,24,21.874300841875204,50.64928224931817
4.424040979710077,2.3329203729342693,1951,24,21.874300841875204,50.64928224931817
4.447364235279603,2.3328970492146697,1951,24,21.874300841875204,50.64928224931817
4.470687257671289,2.3328737257282524,1951,24,21.874300841875204,50.64928224931817
4.4940100468874755,2.332850402475015,1951,24,21.874300841875204,50.64928224931817
4.517332602930501,2.332827079454956,1951,24,21.874300841875204,50.64928224931817
4.540654925802703,2.332803756668072,1951,24,21.874300841875204,50.64928224931817
4.563977015506422,2.3327804341143614,1951,24,21.874300841875204,50.64928224931817
4.587298872043993,2.3327571117938213,1951,24,21.874300841875204,50.64928224931817
4.610620495417754,2.3327337897064497,1951,24,21.874300841875204,50.64928224931817
4.633941885630041,2.3327104678522446,1951,24,21.874300841875204,50.64928224931817
4.65726304268319,2.332687146231203,1951,24,21.874300841875204,50.64928224931817
4.680583966579537,2.3326638248433227,1951,24,21.874300841875204,50.64928224931817
4.7039046573214165,2.332640503688602,1951,24,21.874300841875204,50.64928224931817
4.727225114911164,2.3326171827670374,1951,24,21.874300841875204,50.64928224931817
4.750545339351113,2.3325938620786277,1951,24,21.874300841875204,50.64928224931817
4.773865330643599,2.33257054162337,1951,24,21.874300841875204,50.64928224931817
4.797185088790957,2.332547221401262,1951,24,21.874300841875204,50.64928224931817
4.820504613795516,2.332523901412302,1951,24,21.874300841875204,50.64928224931817
4.843823905659614,2.3325005816564865,1951,24,21.874300841875204,50.64928224931817
4.867142964385583,2.332477262133814,1951,24,21.874300841875204,50.64928224931817
4.890461789975756,2.332453942844282,1951,24,21.874300841875204,50.64928224931817
4.913780382432465,2.332430623787888,1951,24,21.874300841875204,50.64928224931817
4.937098741758044,2.3324073049646294,1951,24,21.874300841875204,50.64928224931817
4.960416867954826,2.332383986374505,1951,24,21.874300841875204,50.64928224931817
4.983734761025141,2.332360668017511,1951,24,21.874300841875204,50.64928224931817
5.007052420971321,2.3323373498936464,1951,24,21.874300841875204,50.64928224931817
5.030369847795701,2.3323140320029077,1951,24,21.874300841875204,50.64928224931817
5.053687041500611,2.3322907143452936,1951,24,21.874300841875204,50.64928224931817
5.077004002088383,2.3322673969208005,1951,24,21.874300841875204,50.64928224931817
5.100320729561348,2.3322440797294277,1951,24,21.874300841875204,50.64928224931817
5.123637223921839,2.3322207627711715,1951,24,21.874300841875204,50.64928224931817
5.146953485172188,2.33219744604603,1951,24,21.874300841875204,50.64928224931817
5.170269513314724,2.3321741295540015,1951,24,21.874300841875204,50.64928224931817
5.193585308351781,2.332150813295083,1951,24,21.874300841875204,50.64928224931817
5.216900870285688,2.332127497269272,1951,24,21.874300841875204,50.64928224931817
5.240216199118777,2.3321041814765664,1951,24,21.874300841875204,50.64928224931817
5.263531294853378,2.3320808659169643,1951,24,21.874300841875204,50.64928224931817
5.286846157491824,2.332057550590463,1951,24,21.874300841875204,50.64928224931817
5.310160787036445,2.33203423549706,1951,24,21.874300841875204,50.64928224931817
5.333475183489572,2.332010920636753,1951,24,21.874300841875204,50.64928224931817
5.356789346853535,2.3319876060095397,1951,24,21.874300841875204,50.64928224931817
5.380103277130665,2.331964291615418,1951,24,21.874300841875204,50.64928224931817
5.403416974323294,2.3319409774543853,1951,24,21.874300841875204,50.64928224931817
5.426730438433752,2.33191766352644,1951,24,21.874300841875204,50.64928224931817
5.450043669464368,2.3318943498315785,1951,24,21.874300841875204,50.64928224931817
5.473356667417476,2.3318710363697996,1951,24,21.874300841875204,50.64928224931817
5.496669432295401,2.3318477231411,1951,24,21.874300841875204,50.64928224931817
5.51998196410048,2.3318244101454786,1951,24,21.874300841875204,50.64928224931817
5.543294262835039,2.331801097382932,1951,24,21.874300841875204,50.64928224931817
5.56660632850141,2.331777784853458,1951,24,21.874300841875204,50.64928224931817
5.589918161101923,2.331754472557055,1951,24,21.874300841875204,50.64928224931817
5.613229760638908,2.3317311604937196,1951,24,21.874300841875204,50.64928224931817
5.636541127114698,2.3317078486634504,1951,24,21.874300841875204,50.64928224931817
5.6598522605316175,2.331684537066245,1951,24,21.874300841875204,50.64928224931817
5.683163160892001,2.3316612257021,1951,24,21.874300841875204,50.64928224931817
5.706473828198177,2.331637914571014,1951,24,21.874300841875204,50.64928224931817
5.729784262452476,2.331614603672985,1951,24,21.874300841875204,50.64928224931817
5.753094463657231,2.33159129300801,1951,24,21.874300841875204,50.64928224931817
5.7764044318147665,2.331567982576087,1951,24,21.874300841875204,50.64928224931817
5.799714166927416,2.331544672377213,1951,24,21.874300841875204,50.64928224931817
5.823023668997507,2.3315213624113866,1951,24,21.874300841875204,50.64928224931817
5.846332938027374,2.331498052678605,1951,24,21.874300841875204,50.64928224931817
5.869641974019345,2.331474743178866,1951,24,21.874300841875204,50.64928224931817
5.892950776975747,2.331451433912167,1951,24,21.874300841875204,50.64928224931817
5.916259346898912,2.331428124878506,1951,24,21.874300841875204,50.64928224931817
5.939567683791171,2.3314048160778804,1951,24,21.874300841875204,50.64928224931817
5.962875787654851,2.3313815075102884,1951,24,21.874300841875204,50.64928224931817
5.986183658492286,2.331358199175727,1951,24,21.874300841875204,50.64928224931817
6.009491296305801,2.331334891074194,1951,24,21.874300841875204,50.64928224931817
6.03279870109773,2.3313115832056877,1951,24,21.874300841875204,50.64928224931817
6.056105872870399,2.3312882755702047,1951,24,21.874300841875204,50.64928224931817
6.079412811626139,2.3312649681677438,1951,24,21.874300841875204,50.64928224931817
6.102719517367282,2.3312416609983018,1951,24,21.874300841875204,50.64928224931817
6.1260259900961564,2.3312183540618765,1951,24,21.874300841875204,50.64928224931817
6.149332229815089,2.331195047358466,1951,24,21.874300841875204,50.64928224931817
6.17263823652641,2.331171740888068,1951,24,21.874300841875204,50.64928224931817
6.195944010232452,2.3311484346506797,1951,24,21.874300841875204,50.64928224931817
6.219249550935542,2.331125128646299,1951,24,21.874300841875204,50.64928224931817
6.2425548586380115,2.3311018228749236,1951,24,21.874300841875204,50.64928224931817
6.265859933342188,2.331078517336551,1951,24,21.874300841875204,50.64928224931817
6.289164775050403,2.3310552120311794,1951,24,21.874300841875204,50.64928224931817
6.3124693837649835,2.3310319069588057,1951,24,21.874300841875204,50.64928224931817
6.335773759488261,2.331008602119428,1951,24,21.874300841875204,50.64928224931817
6.359077902222563,2.330985297513044,1951,24,21.874300841875204,50.64928224931817
6.382381811970222,2.3309619931396512,1951,24,21.874300841875204,50.64928224931817
6.405685488733563,2.330938688999247,1951,24,21.874300841875204,50.64928224931817
6.42898893251492,2.33091538509183,1951,24,21.874300841875204,50.64928224931817
6.452292143316617,2.3308920814173972,1951,24,21.874300841875204,50.64928224931817
6.475595121140987,2.330868777975946,1951,24,21.874300841875204,50.64928224931817
6.498897865990361,2.3308454747674747,1951,24,21.874300841875204,50.64928224931817
6.522200377867062,2.330822171791981,1951,24,21.874300841875204,50.64928224931817
6.545502656773423,2.330798869049462,1951,24,21.874300841875204,50.64928224931817
6.568804702711773,2.3307755665399155,1951,24,21.874300841875204,50.64928224931817
6.592106515684441,2.330752264263339,1951,24,21.874300841875204,50.64928224931817
6.615408095693756,2.330728962219731,1951,24,21.874300841875204,50.64928224931817
6.638709442742049,2.3307056604090888,1951,24,21.874300841875204,50.64928224931817
6.662010556831647,2.33068235883141,1951,24,21.874300841875204,50.64928224931817
6.685311437964879,2.3306590574866917,1951,24,21.874300841875204,50.64928224931817
6.708612086144074,2.330635756374932,1951,24,21.874300841875204,50.64928224931817
6.7319125013715615,2.330612455496129,1951,24,21.874300841875204,50.64928224931817
6.7552126836496695,2.33058915485028,1951,24,21.874300841875204,50.64928224931817
6.77851263298073,2.3305658544373826,1951,24,21.874300841875204,50.64928224931817
6.801812349367068,2.3305425542574345,1951,24,21.874300841875204,50.64928224931817
6.8251118328110145,2.3305192543104334,1951,24,21.874300841875204,50.64928224931817
6.848411083314898,2.330495954596377,1951,24,21.874300841875204,50.64928224931817
6.8717101008810495,2.3304726551152632,1951,24,21.874300841875204,50.64928224931817
6.895008885511793,2.3304493558670893,1951,24,21.874300841875204,50.64928224931817
6.918307437209462,2.330426056851853,1951,24,21.874300841875204,50.64928224931817
6.941605755976381,2.3304027580695523,1951,24,21.874300841875204,50.64928224931817
6.964903841814883,2.3303794595201843,1951,24,21.874300841875204,50.64928224931817
6.9882016947272945,2.3303561612037473,1951,24,21.874300841875204,50.64928224931817
7.011499314715943,2.3303328631202387,1951,24,21.874300841875204,50.64928224931817
7.034796701783159,2.330309565269656,1951,24,21.874300841875204,50.64928224931817
7.058093855931269,2.3302862676519975,1951,24,21.874300841875204,50.64928224931817
7.081390777162607,2.33026297026726,1951,24,21.874300841875204,50.64928224931817
7.104687465479497,2.330239673115442,1951,24,21.874300841875204,50.64928224931817
7.127983920884269,2.33021637619654,1951,24,21.874300841875204,50.64928224931817
7.151280143379249,2.3301930795105528,1951,24,21.874300841875204,50.64928224931817
7.174576132966771,2.3301697830574777,1951,24,21.874300841875204,50.64928224931817
7.197871889649158,2.3301464868373123,1951,24,21.874300841875204,50.64928224931817
7.221167413428742,2.3301231908500544,1951,24,21.874300841875204,50.64928224931817
7.24446270430785,2.3300998950957017,1951,24,21.874300841875204,50.64928224931817
7.267757762288811,2.3300765995742516,1951,24,21.874300841875204,50.64928224931817
7.291052587373953,2.3300533042857023,1951,24,21.874300841875204,50.64928224931817
7.314347179565604,2.3300300092300508,1951,24,21.874300841875204,50.64928224931817
7.337641538866094,2.330006714407295,1951,24,21.874300841875204,50.64928224931817
7.360935665277748,2.329983419817433,1951,24,21.874300841875204,50.64928224931817
7.3842295588028986,2.3299601254604623,1951,24,21.874300841875204,50.64928224931817
7.407523219443873,2.3299368313363797,1951,24,21.874300841875204,50.64928224931817
7.430816647202998,2.3299135374451843,1951,24,21.874300841875204,50.64928224931817
7.454109842082602,2.3298902437868727,1951,24,21.874300841875204,50.64928224931817
7.477402804085014,2.329866950361443,1951,24,21.874300841875204,50.64928224931817
7.500695533212563,2.3298436571688925,1951,24,21.874300841875204,50.64928224931817
7.523988029467576,2.3298203642092195,1951,24,21.874300841875204,50.64928224931817
7.547280292852381,2.3297970714824214,1951,24,21.874300841875204,50.64928224931817
7.570572323369307,2.329773778988496,1951,24,21.874300841875204,50.64928224931817
7.593864121020682,2.3297504867274403,1951,24,21.874300841875204,50.64928224931817
7.617155685808834,2.3297271946992524,1951,24,21.874300841875204,50.64928224931817
7.64044701773609,2.32970390290393,1951,24,21.874300841875204,50.64928224931817
7.66373811680478,2.3296806113414714,1951,24,21.874300841875204,50.64928224931817
7.68702898301723,2.329657320011873,1951,24,21.874300841875204,50.64928224931817
7.710319616375772,2.329634028915134,1951,24,21.874300841875204,50.64928224931817
7.733610016882727,2.3296107380512505,1951,24,21.874300841875204,50.64928224931817
7.756900184540427,2.329587447420221,1951,24,21.874300841875204,50.64928224931817
7.780190119351202,2.3295641570220433,1951,24,21.874300841875204,50.64928224931817
7.803479821317379,2.3295408668567146,1951,24,21.874300841875204,50.64928224931817
7.826769290441286,2.329517576924233,1951,24,21.874300841875204,50.64928224931817
7.8500585267252445,2.3294942872245956,1951,24,21.874300841875204,50.64928224931817
7.873347530171591,2.3294709977578005,1951,24,21.874300841875204,50.64928224931817
7.896636300782649,2.329447708523846,1951,24,21.874300841875204,50.64928224931817
7.919924838560748,2.3294244195227285,1951,24,21.874300841875204,50.64928224931817
7.943213143508213,2.329401130754446,1951,24,21.874300841875204,50.64928224931817
7.966501215627374,2.329377842218997,1951,24,21.874300841875204,50.64928224931817
7.989789054920561,2.3293545539163785,1951,24,21.874300841875204,50.64928224931817
8.013076661390096,2.329331265846588,1951,24,21.874300841875204,50.64928224931817
8.03636403503831,2.3293079780096235,1951,24,21.874300841875204,50.64928224931817
8.059651175867533,2.329284690405483,1951,24,21.874300841875204,50.64928224931817
8.082938083880089,2.3292614030341636,1951,24,21.874300841875204,50.64928224931817
8.106224759078305,2.329238115895663,1951,24,21.874300841875204,50.64928224931817
8.129511201464513,2.3292148289899792,1951,24,21.874300841875204,50.64928224931817
8.152797411041036,2.3291915423171097,1951,24,21.874300841875204,50.64928224931817
8.176083387810204,2.329168255877052,1951,24,21.874300841875204,50.64928224931817
8.199369131774345,2.3291449696698043,1951,24,21.874300841875204,50.64928224931817
8.222654642935785,2.3291216836953637,1951,24,21.874300841875204,50.64928224931817
8.245939921296852,2.3290983979537283,1951,24,21.874300841875204,50.64928224931817
8.269224966859872,2.3290751124448956,1951,24,21.874300841875204,50.64928224931817
8.292509779627176,2.329051827168863,1951,24,21.874300841875204,50.64928224931817
8.315794359601089,2.3290285421256285,1951,24,21.874300841875204,50.64928224931817
8.339078706783939,2.3290052573151896,1951,24,21.874300841875204,50.64928224931817
8.362362821178051,2.3289819727375445,1951,24,21.874300841875204,50.64928224931817
8.385646702785756,2.32895868839269,1951,24,21.874300841875204,50.64928224931817
8.40893035160938,2.3289354042806245,1951,24,21.874300841875204,50.64928224931817
8.43221376765125,2.328912120401345,1951,24,21.874300841875204,50.64928224931817
8.455496950913691,2.32888883675485,1951,24,21.874300841875204,50.64928224931817
8.478779901399033,2.3288655533411364,1951,24,21.874300841875204,50.64928224931817
8.502062619109603,2.3288422701602025,1951,24,21.874300841875204,50.64928224931817
8.52534510404773,2.3288189872120455,1951,24,21.874300841875204,50.64928224931817
8.548627356215738,2.328795704496663,1951,24,21.874300841875204,50.64928224931817
8.571909375615954,2.3287724220140533,1951,24,21.874300841875204,50.64928224931817
8.595191162250709,2.3287491397642133,1951,24,21.874300841875204,50.64928224931817
8.618472716122326,2.3287258577471417,1951,24,21.874300841875204,50.64928224931817
8.641754037233133,2.328702575962835,1951,24,21.874300841875204,50.64928224931817
8.665035125585456,2.3286792944112915,1951,24,21.874300841875204,50.64928224931817
8.688315981181626,2.328656013092509,1951,24,21.874300841875204,50.64928224931817
8.711596604023967,2.3286327320064846,1951,24,21.874300841875204,50.64928224931817
8.734876994114806,2.3286094511532167,1951,24,21.874300841875204,50.64928224931817
8.758157151456473,2.3285861705327027,1951,24,21.874300841875204,50.64928224931817
8.781437076051292,2.32856289014494,1951,24,21.874300841875204,50.64928224931817
8.804716767901592,2.3285396099899263,1951,24,21.874300841875204,50.64928224931817
8.827996227009695,2.3285163300676595,1951,24,21.874300841875204,50.64928224931817
8.851275453377935,2.328493050378137,1951,24,21.874300841875204,50.64928224931817
8.874554447008633,2.328469770921357,1951,24,21.874300841875204,50.64928224931817
8.89783320790412,2.3284464916973167,1951,24,21.874300841875204,50.64928224931817
8.921111736066718,2.328423212706014,1951,24,21.874300841875204,50.64928224931817
8.944390031498756,2.328399933947446,1951,24,21.874300841875204,50.64928224931817
8.967668094202562,2.3283766554216117,1951,24,21.874300841875204,50.64928224931817
8.990945924180462,2.3283533771285074,1951,24,21.874300841875204,50.64928224931817
9.014223521434783,2.3283300990681317,1951,24,21.874300841875204,50.64928224931817
9.037500885967852,2.3283068212404814,1951,24,21.874300841875204,50.64928224931817
9.060778017781994,2.328283543645555,1951,24,21.874300841875204,50.64928224931817
9.084054916879536,2.32826026628335,1951,24,21.874300841875204,50.64928224931817
9.107331583262809,2.3282369891538632,1951,24,21.874300841875204,50.64928224931817
9.130608016934133,2.3282137122570936,1951,24,21.874300841875204,50.64928224931817
9.153884217895838,2.328190435593038,1951,24,21.874300841875204,50.64928224931817
9.177160186150251,2.328167159161694,1951,24,21.874300841875204,50.64928224931817
9.200435921699698,2.3281438829630603,1951,24,21.874300841875204,50.64928224931817
9.223711424546503,2.3281206069971336,1951,24,21.874300841875204,50.64928224931817
9.246986694692998,2.3280973312639115,1951,24,21.874300841875204,50.64928224931817
9.270261732141504,2.3280740557633925,1951,24,21.874300841875204,50.64928224931817
9.29353653689435,2.3280507804955737,1951,24,21.874300841875204,50.64928224931817
9.31681110895386,2.3280275054604527,1951,24,21.874300841875204,50.64928224931817
9.340085448322364,2.3280042306580273,1951,24,21.874300841875204,50.64928224931817
9.363359555002186,2.3279809560882954,1951,24,21.874300841875204,50.64928224931817
9.386633428995653,2.327957681751254,1951,24,21.874300841875204,50.64928224931817
9.409907070305092,2.327934407646902,1951,24,21.874300841875204,50.64928224931817
9.43318047893283,2.3279111337752356,1951,24,21.874300841875204,50.64928224931817
9.45645365488119,2.327887860136254,1951,24,21.874300841875204,50.64928224931817
9.479726598152501,2.3278645867299534,1951,24,21.874300841875204,50.64928224931817
9.502999308749086,2.3278413135563323,1951,24,21.874300841875204,50.64928224931817
9.526271786673277,2.3278180406153886,1951,24,21.874300841875204,50.64928224931817
9.549544031927395,2.327794767907119,1951,24,21.874300841875204,50.64928224931817
9.572816044513766,2.3277714954315223,1951,24,21.874300841875204,50.64928224931817
9.59608782443472,2.3277482231885953,1951,24,21.874300841875204,50.64928224931817
9.619359371692582,2.3277249511783364,1951,24,21.874300841875204,50.64928224931817
9.642630686289676,2.3277016794007426,1951,24,21.874300841875204,50.64928224931817
9.665901768228329,2.327678407855812,1951,24,21.874300841875204,50.64928224931817
9.689172617510868,2.327655136543542,1951,24,21.874300841875204,50.64928224931817
9.712443234139618,2.3276318654639305,1951,24,21.874300841875204,50.64928224931817
9.735713618116906,2.3276085946169753,1951,24,21.874300841875204,50.64928224931817
9.758983769445056,2.3275853240026736,1951,24,21.874300841875204,50.64928224931817
9.782253688126396,2.327562053621023,1951,24,21.874300841875204,50.64928224931817
9.805523374163249,2.327538783472022,1951,24,21.874300841875204,50.64928224931817
9.828792827557946,2.3275155135556678,1951,24,21.874300841875204,50.64928224931817
9.852062048312808,2.327492243871958,1951,24,21.874300841875204,50.64928224931817
9.875331036430163,2.3274689744208903,1951,24,21.874300841875204,50.64928224931817
9.89859979191234,2.3274457052024626,1951,24,21.874300841875204,50.64928224931817
9.921868314761658,2.327422436216672,1951,24,21.874300841875204,50.64928224931817
9.945136604980448,2.3273991674635166,1951,24,21.874300841875204,50.64928224931817
9.96840466257103,2.3273758989429942,1951,24,21.874300841875204,50.64928224931817
9.991672487535737,2.3273526306551027,1951,24,21.874300841875204,50.64928224931817
10.014940079876892,2.327329362599839,1951,24,21.874300841875204,50.64928224931817
10.03820743959682,2.327306094777201,1951,24,21.874300841875204,50.64928224931817
10.061474566697845,2.3272828271871866,1951,24,21.874300841875204,50.64928224931817
10.084741461182295,2.3272595598297934,1951,24,21.874300841875204,50.64928224931817
10.108008123052494,2.327236292705019,1951,24,21.874300841875204,50.64928224931817
10.131274552310769,2.327213025812861,1951,24,21.874300841875204,50.64928224931817
10.154540748959446,2.3271897591533177,1951,24,21.874300841875204,50.64928224931817
10.177806713000848,2.3271664927263864,1951,24,21.874300841875204,50.64928224931817
10.201072444437305,2.327143226532064,1951,24,21.874300841875204,50.64928224931817
10.224337943271138,2.3271199605703496,1951,24,21.874300841875204,50.64928224931817
10.247603209504673,2.3270966948412397,1951,24,21.874300841875204,50.64928224931817
10.27086824314024,2.3270734293447326,1951,24,21.874300841875204,50.64928224931817
10.29413304418016,2.3270501640808257,1951,24,21.874300841875204,50.64928224931817
10.31739761262676,2.3270268990495167,1951,24,21.874300841875204,50.64928224931817
10.340661948482364,2.327003634250803,1951,24,21.874300841875204,50.64928224931817
10.363926051749296,2.326980369684683,1951,24,21.874300841875204,50.64928224931817
10.387189922429886,2.3269571053511537,1951,24,21.874300841875204,50.64928224931817
10.410453560526456,2.3269338412502134,1951,24,21.874300841875204,50.64928224931817
10.433716966041333,2.326910577381859,1951,24,21.874300841875204,50.64928224931817
10.456980138976839,2.3268873137460893,1951,24,21.874300841875204,50.64928224931817
10.480243079335303,2.3268640503429006,1951,24,21.874300841875204,50.64928224931817
10.50350578711905,2.3268407871722916,1951,24,21.874300841875204,50.64928224931817
10.526768262330407,2.3268175242342592,1951,24,21.874300841875204,50.64928224931817
10.550030504971692,2.3267942615288018,1951,24,21.874300841875204,50.64928224931817
10.573292515045237,2.326770999055917,1951,24,21.874300841875204,50.64928224931817
10.59655429255336,2.326747736815602,1951,24,21.874300841875204,50.64928224931817
10.619815837498395,2.3267244748078544,1951,24,21.874300841875204,50.64928224931817
10.643077149882663,2.3267012130326727,1951,24,21.874300841875204,50.64928224931817
10.66633822970849,2.326677951490054,1951,24,21.874300841875204,50.64928224931817
10.689599076978197,2.326654690179996,1951,24,21.874300841875204,50.64928224931817
10.712859691694113,2.326631429102496,1951,24,21.874300841875204,50.64928224931817
10.736120073858562,2.3266081682575526,1951,24,21.874300841875204,50.64928224931817
10.759380223473869,2.3265849076451626,1951,24,21.874300841875204,50.64928224931817
10.78264014054236,2.3265616472653243,1951,24,21.874300841875204,50.64928224931817
10.805899825066358,2.326538387118035,1951,24,21.874300841875204,50.64928224931817
10.829159277048188,2.3265151272032925,1951,24,21.874300841875204,50.64928224931817
10.852418496490175,2.3264918675210944,1951,24,21.874300841875204,50.64928224931817
10.875677483394643,2.3264686080714387,1951,24,21.874300841875204,50.64928224931817
10.898936237763921,2.326445348854323,1951,24,21.874300841875204,50.64928224931817
10.92219475960033,2.326422089869744,1951,24,21.874300841875204,50.64928224931817
10.945453048906193,2.3263988311177006,1951,24,21.874300841875204,50.64928224931817
10.968711105683843,2.3263755725981903,1951,24,21.874300841875204,50.64928224931817
10.991968929935595,2.3263523143112104,1951,24,21.874300841875204,50.64928224931817
11.015226521663779,2.3263290562567587,1951,24,21.874300841875204,50.64928224931817
11.038483880870718,2.3263057984348325,1951,24,21.874300841875204,50.64928224931817
11.061741007558739,2.32628254084543,1951,24,21.874300841875204,50.64928224931817
11.084997901730166,2.326259283488549,1951,24,21.874300841875204,50.64928224931817
11.108254563387321,2.326236026364187,1951,24,21.874300841875204,50.64928224931817
11.131510992532531,2.3262127694723413,1951,24,21.874300841875204,50.64928224931817
11.154767189168119,2.3261895128130097,1951,24,21.874300841875204,50.64928224931817
11.178023153296413,2.3261662563861902,1951,24,21.874300841875204,50.64928224931817
11.201278884919732,2.3261430001918804,1951,24,21.874300841875204,50.64928224931817
11.224534384040405,2.3261197442300774,1951,24,21.874300841875204,50.64928224931817
11.247789650660751,2.32609648850078,1951,24,21.874300841875204,50.64928224931817
11.2710446847831,2.3260732330039846,1951,24,21.874300841875204,50.64928224931817
11.294299486409777,2.32604997773969,1951,24,21.874300841875204,50.64928224931817
11.317554055543104,2.3260267227078932,1951,24,21.874300841875204,50.64928224931817
11.340808392185401,2.326003467908592,1951,24,21.874300841875204,50.64928224931817
11.364062496339002,2.325980213341784,1951,24,21.874300841875204,50.64928224931817
11.387316368006223,2.3259569590074674,1951,24,21.874300841875204,50.64928224931817
11.410570007189392,2.325933704905639,1951,24,21.874300841875204,50.64928224931817
11.433823413890835,2.3259104510362976,1951,24,21.874300841875204,50.64928224931817
11.457076588112873,2.3258871973994397,1951,24,21.874300841875204,50.64928224931817
11.480329529857832,2.325863943995064,1951,24,21.874300841875204,50.64928224931817
11.503582239128033,2.325840690823167,1951,24,21.874300841875204,50.64928224931817
11.526834715925807,2.3258174378837473,1951,24,21.874300841875204,50.64928224931817
11.55008696025347,2.3257941851768025,1951,24,21.874300841875204,50.64928224931817
11.573338972113351,2.32577093270233,1951,24,21.874300841875204,50.64928224931817
11.596590751507774,2.325747680460328,1951,24,21.874300841875204,50.64928224931817
11.61984229843906,2.325724428450793,1951,24,21.874300841875204,50.64928224931817
11.643093612909539,2.3257011766737237,1951,24,21.874300841875204,50.64928224931817
11.666344694921529,2.3256779251291175,1951,24,21.874300841875204,50.64928224931817
11.689595544477358,2.3256546738169726,1951,24,21.874300841875204,50.64928224931817
11.71284616157935,2.3256314227372856,1951,24,21.874300841875204,50.64928224931817
11.736096546229827,2.325608171890055,1951,24,21.874300841875204,50.64928224931817
11.759346698431113,2.325584921275278,1951,24,21.874300841875204,50.64928224931817
11.782596618185531,2.3255616708929527,1951,24,21.874300841875204,50.64928224931817
11.805846305495407,2.3255384207430763,1951,24,21.874300841875204,50.64928224931817
11.829095760363066,2.325515170825647,1951,24,21.874300841875204,50.64928224931817
11.852344982790827,2.3254919211406624,1951,24,21.874300841875204,50.64928224931817
11.875593972781019,2.3254686716881197,1951,24,21.874300841875204,50.64928224931817
11.898842730335963,2.3254454224680168,1951,24,21.874300841875204,50.64928224931817
11.922091255457985,2.3254221734803515,1951,24,21.874300841875204,50.64928224931817
11.945339548149407,2.3253989247251217,1951,24,21.874300841875204,50.64928224931817
11.968587608412555,2.325375676202324,1951,24,21.874300841875204,50.64928224931817
11.991835436249747,2.325352427911958,1951,24,21.874300841875204,50.64928224931817
12.015083031663314,2.3253291798540197,1951,24,21.874300841875204,50.64928224931817
12.038330394655576,2.325305932028507,1951,24,21.874300841875204,50.64928224931817
12.061577525228856,2.325282684435418,1951,24,21.874300841875204,50.64928224931817
12.084824423385479,2.325259437074751,1951,24,21.874300841875204,50.64928224931817
12.108071089127767,2.3252361899465024,1951,24,21.874300841875204,50.64928224931817
12.131317522458048,2.3252129430506705,1951,24,21.874300841875204,50.64928224931817
12.154563723378638,2.3251896963872527,1951,24,21.874300841875204,50.64928224931817
12.177809691891866,2.325166449956247,1951,24,21.874300841875204,50.64928224931817
12.201055428000057,2.3251432037576514,1951,24,21.874300841875204,50.64928224931817
12.224300931705532,2.325119957791463,1951,24,21.874300841875204,50.64928224931817
12.247546203010613,2.3250967120576793,1951,24,21.874300841875204,50.64928224931817
12.270791241917621,2.325073466556298,1951,24,21.874300841875204,50.64928224931817
12.294036048428888,2.325050221287318,1951,24,21.874300841875204,50.64928224931817
12.31728062254673,2.325026976250735,1951,24,21.874300841875204,50.64928224931817
12.340524964273476,2.325003731446549,1951,24,21.874300841875204,50.64928224931817
12.363769073611445,2.3249804868747552,1951,24,21.874300841875204,50.64928224931817
12.387012950562962,2.324957242535353,1951,24,21.874300841875204,50.64928224931817
12.41025659513035,2.3249339984283397,1951,24,21.874300841875204,50.64928224931817
12.433500007315935,2.3249107545537124,1951,24,21.874300841875204,50.64928224931817
12.456743187122038,2.3248875109114695,1951,24,21.874300841875204,50.64928224931817
12.479986134550984,2.3248642675016082,1951,24,21.874300841875204,50.64928224931817
12.50322884960509,2.3248410243241264,1951,24,21.874300841875204,50.64928224931817
12.526471332286683,2.324817781379022,1951,24,21.874300841875204,50.64928224931817
12.549713582598088,2.3247945386662923,1951,24,21.874300841875204,50.64928224931817
12.57295560054163,2.324771296185935,1951,24,21.874300841875204,50.64928224931817
12.596197386119623,2.3247480539379475,1951,24,21.874300841875204,50.64928224931817
12.6194389393344,2.3247248119223283,1951,24,21.874300841875204,50.64928224931817
12.642680260188278,2.3247015701390747,1951,24,21.874300841875204,50.64928224931817
12.665921348683584,2.3246783285881842,1951,24,21.874300841875204,50.64928224931817
12.689162204822635,2.3246550872696545,1951,24,21.874300841875204,50.64928224931817
12.712402828607763,2.3246318461834834,1951,24,21.874300841875204,50.64928224931817
12.735643220041284,2.324608605329668,1951,24,21.874300841875204,50.64928224931817
12.758883379125525,2.324585364708207,1951,24,21.874300841875204,50.64928224931817
12.782123305862806,2.324562124319098,1951,24,21.874300841875204,50.64928224931817
12.80536300025545,2.3245388841623376,1951,24,21.874300841875204,50.64928224931817
12.828602462305783,2.3245156442379242,1951,24,21.874300841875204,50.64928224931817
12.851841692016126,2.3244924045458557,1951,24,21.874300841875204,50.64928224931817
12.8750806893888,2.3244691650861293,1951,24,21.874300841875204,50.64928224931817
12.898319454426131,2.324445925858743,1951,24,21.874300841875204,50.64928224931817
12.921557987130438,2.324422686863694,1951,24,21.874300841875204,50.64928224931817
12.944796287504047,2.324399448100981,1951,24,21.874300841875204,50.64928224931817
12.968034355549282,2.3243762095706004,1951,24,21.874300841875204,50.64928224931817
12.991272191268465,2.3243529712725506,1951,24,21.874300841875204,50.64928224931817
13.014509794663914,2.3243297332068296,1951,24,21.874300841875204,50.64928224931817
13.037747165737956,2.3243064953734343,1951,24,21.874300841875204,50.64928224931817
13.060984304492914,2.3242832577723624,1951,24,21.874300841875204,50.64928224931817
13.08422121093111,2.3242600204036123,1951,24,21.874300841875204,50.64928224931817
13.107457885054863,2.324236783267181,1951,24,21.874300841875204,50.64928224931817
13.130694326866498,2.3242135463630667,1951,24,21.874300841875204,50.64928224931817
13.153930536368343,2.3241903096912666,1951,24,21.874300841875204,50.64928224931817
13.17716651356271,2.3241670732517785,1951,24,21.874300841875204,50.64928224931817
13.200402258451929,2.3241438370446,1951,24,21.874300841875204,50.64928224931817
13.223637771038318,2.3241206010697297,1951,24,21.874300841875204,50.64928224931817
13.246873051324208,2.324097365327164,1951,24,21.874300841875204,50.64928224931817
13.270108099311912,2.324074129816901,1951,24,21.874300841875204,50.64928224931817
13.293342915003757,2.324050894538939,1951,24,21.874300841875204,50.64928224931817
13.316577498402063,2.3240276594932747,1951,24,21.874300841875204,50.64928224931817
13.339811849509156,2.3240044246799063,1951,24,21.874300841875204,50.64928224931817
13.363045968327354,2.3239811900988316,1951,24,21.874300841875204,50.64928224931817
13.386279854858984,2.323957955750048,1951,24,21.874300841875204,50.64928224931817
13.409513509106366,2.3239347216335533,1951,24,21.874300841875204,50.64928224931817
13.432746931071819,2.323911487749345,1951,24,21.874300841875204,50.64928224931817
13.45598012075767,2.323888254097421,1951,24,21.874300841875204,50.64928224931817
13.479213078166241,2.323865020677779,1951,24,21.874300841875204,50.64928224931817
13.502445803299855,2.3238417874904167,1951,24,21.874300841875204,50.64928224931817
13.525678296160828,2.323818554535331,1951,24,21.874300841875204,50.64928224931817
13.548910556751489,2.323795321812521,1951,24,21.874300841875204,50.64928224931817
13.572142585074156,2.3237720893219835,1951,24,21.874300841875204,50.64928224931817
13.595374381131153,2.323748857063716,1951,24,21.874300841875204,50.64928224931817
13.618605944924802,2.3237256250377167,1951,24,21.874300841875204,50.64928224931817
13.641837276457425,2.3237023932439826,1951,24,21.874300841875204,50.64928224931817
13.665068375731343,2.3236791616825125,1951,24,21.874300841875204,50.64928224931817
13.688299242748876,2.323655930353303,1951,24,21.874300841875204,50.64928224931817
13.711529877512351,2.3236326992563523,1951,24,21.874300841875204,50.64928224931817
13.73476028002409,2.3236094683916577,1951,24,21.874300841875204,50.64928224931817
13.757990450286416,2.3235862377592174,1951,24,21.874300841875204,50.64928224931817
13.781220388301644,2.3235630073590285,1951,24,21.874300841875204,50.64928224931817
13.8044500940721,2.3235397771910895,1951,24,21.874300841875204,50.64928224931817
13.827679567600105,2.323516547255397,1951,24,21.874300841875204,50.64928224931817
13.850908808887985,2.3234933175519497,1951,24,21.874300841875204,50.64928224931817
13.874137817938054,2.323470088080745,1951,24,21.874300841875204,50.64928224931817
13.897366594752642,2.32344685884178,1951,24,21.874300841875204,50.64928224931817
13.920595139334067,2.3234236298350526,1951,24,21.874300841875204,50.64928224931817
13.94382345168465,2.323400401060561,1951,24,21.874300841875204,50.64928224931817
13.967051531806712,2.3233771725183026,1951,24,21.874300841875204,50.64928224931817
13.990279379702576,2.3233539442082747,1951,24,21.874300841875204,50.64928224931817
14.013506995374565,2.3233307161304757,1951,24,21.874300841875204,50.64928224931817
14.036734378825,2.3233074882849025,1951,24,21.874300841875204,50.64928224931817
14.059961530056203,2.3232842606715534,1951,24,21.874300841875204,50.64928224931817
14.083188449070494,2.323261033290426,1951,24,21.874300841875204,50.64928224931817
14.106415135870197,2.3232378061415173,1951,24,21.874300841875204,50.64928224931817
14.12964159045763,2.323214579224826,1951,24,21.874300841875204,50.64928224931817
14.15286781283512,2.323191352540349,1951,24,21.874300841875204,50.64928224931817
14.176093803004985,2.3231681260880843,1951,24,21.874300841875204,50.64928224931817
14.199319560969547,2.323144899868029,1951,24,21.874300841875204,50.64928224931817
14.222545086731126,2.323121673880182,1951,24,21.874300841875204,50.64928224931817
14.245770380292047,2.32309844812454,1951,24,21.874300841875204,50.64928224931817
14.26899544165463,2.3230752226011013,1951,24,21.874300841875204,50.64928224931817
14.29222027082119,2.3230519973098627,1951,24,21.874300841875204,50.64928224931817
14.315444867794056,2.3230287722508227,1951,24,21.874300841875204,50.64928224931817
14.338669232575548,2.323005547423979,1951,24,21.874300841875204,50.64928224931817
14.36189336516799,2.3229823228293283,1951,24,21.874300841875204,50.64928224931817
14.385117265573701,2.3229590984668693,1951,24,21.874300841875204,50.64928224931817
14.408340933794998,2.3229358743365993,1951,24,21.874300841875204,50.64928224931817
14.431564369834208,2.322912650438516,1951,24,21.874300841875204,50.64928224931817
14.45478757369365,2.3228894267726172,1951,24,21.874300841875204,50.64928224931817
14.478010545375648,2.3228662033389003,1951,24,21.874300841875204,50.64928224931817
14.501233284882519,2.3228429801373633,1951,24,21.874300841875204,50.64928224931817
14.524455792216584,2.322819757168004,1951,24,21.874300841875204,50.64928224931817
14.547678067380168,2.322796534430819,1951,24,21.874300841875204,50.64928224931817
14.57090011037559,2.322773311925807,1951,24,21.874300841875204,50.64928224931817
14.594121921205168,2.322750089652966,1951,24,21.874300841875204,50.64928224931817
14.61734349987123,2.322726867612293,1951,24,21.874300841875204,50.64928224931817
14.640564846376096,2.3227036458037853,1951,24,21.874300841875204,50.64928224931817
14.66378596072208,2.3226804242274417,1951,24,21.874300841875204,50.64928224931817
14.68700684291151,2.322657202883259,1951,24,21.874300841875204,50.64928224931817
14.710227492946704,2.322633981771235,1951,24,21.874300841875204,50.64928224931817
14.733447910829987,2.3226107608913678,1951,24,21.874300841875204,50.64928224931817
14.756668096563674,2.3225875402436547,1951,24,21.874300841875204,50.64928224931817
14.779888050150086,2.3225643198280936,1951,24,21.874300841875204,50.64928224931817
14.80310777159155,2.322541099644682,1951,24,21.874300841875204,50.64928224931817
14.82632726089038,2.3225178796934176,1951,24,21.874300841875204,50.64928224931817
14.849546518048905,2.322494659974298,1951,24,21.874300841875204,50.64928224931817
14.872765543069441,2.3224714404873215,1951,24,21.874300841875204,50.64928224931817
14.895984335954306,2.322448221232485,1951,24,21.874300841875204,50.64928224931817
14.919202896705825,2.322425002209786,1951,24,21.874300841875204,50.64928224931817
14.942421225326317,2.3224017834192234,1951,24,21.874300841875204,50.64928224931817
14.965639321818106,2.3223785648607937,1951,24,21.874300841875204,50.64928224931817
14.988857186183507,2.322355346534495,1951,24,21.874300841875204,50.64928224931817
15.012074818424846,2.322332128440325,1951,24,21.874300841875204,50.64928224931817
15.035292218544445,2.3223089105782817,1951,24,21.874300841875204,50.64928224931817
15.05850938654462,2.322285692948362,1951,24,21.874300841875204,50.64928224931817
15.08172632242769,2.322262475550564,1951,24,21.874300841875204,50.64928224931817
15.104943026195981,2.3222392583848857,1951,24,21.874300841875204,50.64928224931817
15.12815949785181,2.322216041451324,1951,24,21.874300841875204,50.64928224931817
15.151375737397498,2.322192824749878,1951,24,21.874300841875204,50.64928224931817
15.174591744835368,2.322169608280544,1951,24,21.874300841875204,50.64928224931817
15.197807520167737,2.3221463920433196,1951,24,21.874300841875204,50.64928224931817
15.221023063396927,2.3221231760382035,1951,24,21.874300841875204,50.64928224931817
15.24423837452526,2.322099960265193,1951,24,21.874300841875204,50.64928224931817
15.267453453555055,2.322076744724285,1951,24,21.874300841875204,50.64928224931817
15.290668300488633,2.3220535294154785,1951,24,21.874300841875204,50.64928224931817
15.313882915328316,2.32203031433877,1951,24,21.874300841875204,50.64928224931817
15.33709729807642,2.322007099494158,1951,24,21.874300841875204,50.64928224931817
15.360311448735267,2.32198388488164,1951,24,21.874300841875204,50.64928224931817
15.38352536730718,2.3219606705012135,1951,24,21.874300841875204,50.64928224931817
15.406739053794476,2.321937456352876,1951,24,21.874300841875204,50.64928224931817
15.42995250819948,2.3219142424366255,1951,24,21.874300841875204,50.64928224931817
15.453165730524505,2.3218910287524595,1951,24,21.874300841875204,50.64928224931817
15.476378720771876,2.321867815300376,1951,24,21.874300841875204,50.64928224931817
15.499591478943916,2.3218446020803722,1951,24,21.874300841875204,50.64928224931817
15.52280400504294,2.321821389092446,1951,24,21.874300841875204,50.64928224931817
15.54601629907127,2.3217981763365954,1951,24,21.874300841875204,50.64928224931817
15.569228361031227,2.321774963812818,1951,24,21.874300841875204,50.64928224931817
15.592440190925132,2.3217517515211106,1951,24,21.874300841875204,50.64928224931817
15.615651788755303,2.321728539461472,1951,24,21.874300841875204,50.64928224931817
15.63886315452406,2.3217053276338993,1951,24,21.874300841875204,50.64928224931817
15.662074288233722,2.3216821160383905,1951,24,21.874300841875204,50.64928224931817
15.685285189886612,2.3216589046749427,1951,24,21.874300841875204,50.64928224931817
15.70849585948505,2.3216356935435543,1951,24,21.874300841875204,50.64928224931817
15.73170629703135,2.3216124826442224,1951,24,21.874300841875204,50.64928224931817
15.75491650252784,2.3215892719769453,1951,24,21.874300841875204,50.64928224931817
15.778126475976835,2.32156606154172,1951,24,21.874300841875204,50.64928224931817
15.801336217380655,2.3215428513385445,1951,24,21.874300841875204,50.64928224931817
15.824545726741626,2.321519641367417,1951,24,21.874300841875204,50.64928224931817
15.847755004062059,2.3214964316283337,1951,24,21.874300841875204,50.64928224931817
15.870964049344282,2.321473222121294,1951,24,21.874300841875204,50.64928224931817
15.89417286259061,2.3214500128462943,1951,24,21.874300841875204,50.64928224931817
15.917381443803361,2.321426803803333,1951,24,21.874300841875204,50.64928224931817
15.940589792984857,2.321403594992408,1951,24,21.874300841875204,50.64928224931817
15.963797910137423,2.321380386413516,1951,24,21.874300841875204,50.64928224931817
15.987005795263373,2.321357178066655,1951,24,21.874300841875204,50.64928224931817
16.010213448365032,2.3213339699518234,1951,24,21.874300841875204,50.64928224931817
16.03342086944471,2.3213107620690185,1951,24,21.874300841875204,50.64928224931817
16.05662805850473,2.3212875544182374,1951,24,21.874300841875204,50.64928224931817
16.07983501554742,2.3212643469994787,1951,24,21.874300841875204,50.64928224931817
16.10304174057509,2.3212411398127393,1951,24,21.874300841875204,50.64928224931817
16.126248233590065,2.3212179328580174,1951,24,21.874300841875204,50.64928224931817
16.14945449459466,2.3211947261353107,1951,24,21.874300841875204,50.64928224931817
16.1726605235912,2.3211715196446163,1951,24,21.874300841875204,50.64928224931817
16.195866320582,2.3211483133859323,1951,24,21.874300841875204,50.64928224931817
16.21907188556938,2.3211251073592565,1951,24,21.874300841875204,50.64928224931817
16.24227721855566,2.321101901564586,1951,24,21.874300841875204,50.64928224931817
16.265482319543164,2.3210786960019196,1951,24,21.874300841875204,50.64928224931817
16.288687188534208,2.3210554906712537,1951,24,21.874300841875204,50.64928224931817
16.311891825531113,2.3210322855725867,1951,24,21.874300841875204,50.64928224931817
16.335096230536188,2.3210090807059163,1951,24,21.874300841875204,50.64928224931817
16.358300403551766,2.32098587607124,1951,24,21.874300841875204,50.64928224931817
16.381504344580165,2.320962671668555,1951,24,21.874300841875204,50.64928224931817
16.404708053623697,2.32093946749786,1951,24,21.874300841875204,50.64928224931817
16.427911530684685,2.3209162635591523,1951,24,21.874300841875204,50.64928224931817
16.451114775765447,2.320893059852429,1951,24,21.874300841875204,50.64928224931817
16.474317788868305,2.320869856377689,1951,24,21.874300841875204,50.64928224931817
16.497520569995576,2.3208466531349283,1951,24,21.874300841875204,50.64928224931817
16.52072311914958,2.320823450124146,1951,24,21.874300841875204,50.64928224931817
16.543925436332636,2.3208002473453386,1951,24,21.874300841875204,50.64928224931817
16.56712752154706,2.320777044798505,1951,24,21.874300841875204,50.64928224931817
16.59032937479518,2.3207538424836422,1951,24,21.874300841875204,50.64928224931817
16.613530996079305,2.320730640400748,1951,24,21.874300841875204,50.64928224931817
16.636732385401757,2.32070743854982,1951,24,21.874300841875204,50.64928224931817
16.65993354276486,2.3206842369308562,1951,24,21.874300841875204,50.64928224931817
16.68313446817093,2.320661035543854,1951,24,21.874300841875204,50.64928224931817
16.706335161622285,2.320637834388811,1951,24,21.874300841875204,50.64928224931817
16.729535623121244,2.320614633465725,1951,24,21.874300841875204,50.64928224931817
16.752735852670124,2.320591432774594,1951,24,21.874300841875204,50.64928224931817
16.775935850271257,2.320568232315415,1951,24,21.874300841875204,50.64928224931817
16.79913561592694,2.3205450320881864,1951,24,21.874300841875204,50.64928224931817
16.82233514963951,2.320521832092905,1951,24,21.874300841875204,50.64928224931817
16.84553445141128,2.3204986323295693,1951,24,21.874300841875204,50.64928224931817
16.868733521244565,2.320475432798177,1951,24,21.874300841875204,50.64928224931817
16.89193235914168,2.320452233498725,1951,24,21.874300841875204,50.64928224931817
16.915130965104957,2.320429034431212,1951,24,21.874300841875204,50.64928224931817
16.93832933913671,2.3204058355956345,1951,24,21.874300841875204,50.64928224931817
16.961527481239262,2.320382636991991,1951,24,21.874300841875204,50.64928224931817
16.98472539141492,2.3203594386202795,1951,24,21.874300841875204,50.64928224931817
17.00792306966601,2.3203362404804966,1951,24,21.874300841875204,50.64928224931817
17.03112051599485,2.320313042572641,1951,24,21.874300841875204,50.64928224931817
17.054317730403753,2.3202898448967098,1951,24,21.874300841875204,50.64928224931817
17.07751471289505,2.3202666474527005,1951,24,21.874300841875204,50.64928224931817
17.10071146347105,2.3202434502406115,1951,24,21.874300841875204,50.64928224931817
17.123907982134075,2.3202202532604397,1951,24,21.874300841875204,50.64928224931817
17.147104268886444,2.3201970565121837,1951,24,21.874300841875204,50.64928224931817
17.170300323730473,2.3201738599958404,1951,24,21.874300841875204,50.64928224931817
17.19349614666848,2.3201506637114075,1951,24,21.874300841875204,50.64928224931817
17.21669173770279,2.320127467658883,1951,24,21.874300841875204,50.64928224931817
17.239887096835716,2.320104271838265,1951,24,21.874300841875204,50.64928224931817
17.263082224069574,2.3200810762495503,1951,24,21.874300841875204,50.64928224931817
17.28627711940668,2.320057880892737,1951,24,21.874300841875204,50.64928224931817
17.309471782849368,2.3200346857678222,1951,24,21.874300841875204,50.64928224931817
17.332666214399943,2.320011490874805,1951,24,21.874300841875204,50.64928224931817
17.355860414060725,2.3199882962136815,1951,24,21.874300841875204,50.64928224931817
17.379054381834038,2.3199651017844505,1951,24,21.874300841875204,50.64928224931817
17.4022481177222,2.3199419075871095,1951,24,21.874300841875204,50.64928224931817
17.425441621727515,2.3199187136216555,1951,24,21.874300841875204,50.64928224931817
17.448634893852322,2.3198955198880866,1951,24,21.874300841875204,50.64928224931817
17.471827934098926,2.3198723263864007,1951,24,21.874300841875204,50.64928224931817
17.495020742469652,2.319849133116595,1951,24,21.874300841875204,50.64928224931817
17.518213318966815,2.319825940078668,1951,24,21.874300841875204,50.64928224931817
17.54140566359273,2.319802747272617,1951,24,21.874300841875204,50.64928224931817
17.564597776349718,2.3197795546984388,1951,24,21.874300841875204,50.64928224931817
17.587789657240098,2.319756362356132,1951,24,21.874300841875204,50.64928224931817
17.61098130626619,2.3197331702456943,1951,24,21.874300841875204,50.64928224931817
17.634172723430304,2.3197099783671233,1951,24,21.874300841875204,50.64928224931817
17.65736390873477,2.3196867867204163,1951,24,21.874300841875204,50.64928224931817
17.680554862181893,2.3196635953055713,1951,24,21.874300841875204,50.64928224931817
17.703745583774005,2.319640404122586,1951,24,21.874300841875204,50.64928224931817
17.726936073513407,2.3196172131714583,1951,24,21.874300841875204,50.64928224931817
17.750126331402438,2.3195940224521854,1951,24,21.874300841875204,50.64928224931817
17.773316357443402,2.3195708319647648,1951,24,21.874300841875204,50.64928224931817
17.796506151638617,2.319547641709195,1951,24,21.874300841875204,50.64928224931817
17.819695713990406,2.319524451685473,1951,24,21.874300841875204,50.64928224931817
17.84288504450108,2.319501261893597,1951,24,21.874300841875204,50.64928224931817
17.866074143172966,2.319478072333564,1951,24,21.874300841875204,50.64928224931817
17.889263010008374,2.3194548830053723,1951,24,21.874300841875204,50.64928224931817
17.91245164500963,2.3194316939090194,1951,24,21.874300841875204,50.64928224931817
17.935640048179046,2.319408505044503,1951,24,21.874300841875204,50.64928224931817
17.958828219518935,2.3193853164118208,1951,24,21.874300841875204,50.64928224931817
17.982016159031627,2.31936212801097,1951,24,21.874300841875204,50.64928224931817
18.005203866719427,2.3193389398419493,1951,24,21.874300841875204,50.64928224931817
18.028391342584666,2.3193157519047554,1951,24,21.874300841875204,50.64928224931817
18.05157858662965,2.3192925641993862,1951,24,21.874300841875204,50.64928224931817
18.0747655988567,2.3192693767258397,1951,24,21.874300841875204,50.64928224931817
18.097952379268136,2.3192461894841134,1951,24,21.874300841875204,50.64928224931817
18.121138927866276,2.3192230024742053,1951,24,21.874300841875204,50.64928224931817
18.144325244653434,2.3191998156961127,1951,24,21.874300841875204,50.64928224931817
18.167511329631928,2.3191766291498332,1951,24,21.874300841875204,50.64928224931817
18.190697182804083,2.319153442835365,1951,24,21.874300841875204,50.64928224931817
18.213882804172208,2.319130256752705,1951,24,21.874300841875204,50.64928224931817
18.23706819373862,2.3191070709018513,1951,24,21.874300841875204,50.64928224931817
18.260253351505643,2.3190838852828017,1951,24,21.874300841875204,50.64928224931817
18.28343827747559,2.319060699895554,1951,24,21.874300841875204,50.64928224931817
18.306622971650782,2.3190375147401054,1951,24,21.874300841875204,50.64928224931817
18.329807434033526,2.3190143298164543,1951,24,21.874300841875204,50.64928224931817
18.352991664626153,2.3189911451245973,1951,24,21.874300841875204,50.64928224931817
18.376175663430974,2.318967960664533,1951,24,21.874300841875204,50.64928224931817
18.39935943045031,2.318944776436259,1951,24,21.874300841875204,50.64928224931817
18.422542965686468,2.318921592439773,1951,24,21.874300841875204,50.64928224931817
18.44572626914178,2.318898408675072,1951,24,21.874300841875204,50.64928224931817
18.468909340818552,2.318875225142154,1951,24,21.874300841875204,50.64928224931817
18.492092180719105,2.318852041841017,1951,24,21.874300841875204,50.64928224931817
18.515274788845755,2.3188288587716586,1951,24,21.874300841875204,50.64928224931817
18.53845716520082,2.3188056759340765,1951,24,21.874300841875204,50.64928224931817
18.561639309786624,2.318782493328268,1951,24,21.874300841875204,50.64928224931817
18.584821222605473,2.3187593109542313,1951,24,21.874300841875204,50.64928224931817
18.60800290365969,2.3187361288119637,1951,24,21.874300841875204,50.64928224931817
18.63118435295159,2.318712946901463,1951,24,21.874300841875204,50.64928224931817
18.65436557048349,2.318689765222727,1951,24,21.874300841875204,50.64928224931817
18.677546556257713,2.3186665837757534,1951,24,21.874300841875204,50.64928224931817
18.700727310276566,2.31864340256054,1951,24,21.874300841875204,50.64928224931817
18.723907832542373,2.3186202215770835,1951,24,21.874300841875204,50.64928224931817
18.74708812305745,2.3185970408253826,1951,24,21.874300841875204,50.64928224931817
18.770268181824108,2.318573860305435,1951,24,21.874300841875204,50.64928224931817
18.793448008844667,2.318550680017238,1951,24,21.874300841875204,50.64928224931817
18.816627604121454,2.3185274999607897,1951,24,21.874300841875204,50.64928224931817
18.839806967656777,2.318504320136087,1951,24,21.874300841875204,50.64928224931817
18.862986099452957,2.318481140543128,1951,24,21.874300841875204,50.64928224931817
18.886164999512303,2.318457961181911,1951,24,21.874300841875204,50.64928224931817
18.90934366783714,2.3184347820524325,1951,24,21.874300841875204,50.64928224931817
18.932522104429772,2.3184116031546913,1951,24,21.874300841875204,50.64928224931817
18.95570030929253,2.3183884244886843,1951,24,21.874300841875204,50.64928224931817
18.97887828242773,2.3183652460544097,1951,24,21.874300841875204,50.64928224931817
19.002056023837678,2.3183420678518645,1951,24,21.874300841875204,50.64928224931817
19.0252335335247,2.318318889881047,1951,24,21.874300841875204,50.64928224931817
19.04841081149111,2.318295712141955,1951,24,21.874300841875204,50.64928224931817
19.071587857739225,2.318272534634586,1951,24,21.874300841875204,50.64928224931817
19.09476467227136,2.3182493573589373,1951,24,21.874300841875204,50.64928224931817
19.117941255089836,2.318226180315007,1951,24,21.874300841875204,50.64928224931817
19.14111760619696,2.3182030035027927,1951,24,21.874300841875204,50.64928224931817
19.16429372559506,2.3181798269222917,1951,24,21.874300841875204,50.64928224931817
19.187469613286446,2.3181566505735023,1951,24,21.874300841875204,50.64928224931817
19.210645269273435,2.3181334744564217,1951,24,21.874300841875204,50.64928224931817
19.233820693558346,2.3181102985710482,1951,24,21.874300841875204,50.64928224931817
19.256995886143493,2.3180871229173787,1951,24,21.874300841875204,50.64928224931817
19.280170847031194,2.3180639474954114,1951,24,21.874300841875204,50.64928224931817
19.303345576223766,2.3180407723051437,1951,24,21.874300841875204,50.64928224931817
19.326520073723522,2.3180175973465738,1951,24,21.874300841875204,50.64928224931817
19.34969433953278,2.3179944226196985,1951,24,21.874300841875204,50.64928224931817
19.37286837365386,2.3179712481245165,1951,24,21.874300841875204,50.64928224931817
19.39604217608907,2.3179480738610247,1951,24,21.874300841875204,50.64928224931817
19.419215746840738,2.317924899829221,1951,24,21.874300841875204,50.64928224931817
19.442389085911174,2.317901726029103,1951,24,21.874300841875204,50.64928224931817
19.46556219330269,2.317878552460669,1951,24,21.874300841875204,50.64928224931817
19.488735069017608,2.317855379123916,1951,24,21.874300841875204,50.64928224931817
19.51190771305824,2.3178322060188417,1951,24,21.874300841875204,50.64928224931817
19.53508012542691,2.317809033145444,1951,24,21.874300841875204,50.64928224931817
19.55825230612593,2.317785860503721,1951,24,21.874300841875204,50.64928224931817
19.581424255157614,2.3177626880936693,1951,24,21.874300841875204,50.64928224931817
19.604595972524272,2.317739515915288,1951,24,21.874300841875204,50.64928224931817
19.62776745822823,2.317716343968573,1951,24,21.874300841875204,50.64928224931817
19.650938712271806,2.3176931722535237,1951,24,21.874300841875204,50.64928224931817
19.67410973465731,2.317670000770137,1951,24,21.874300841875204,50.64928224931817
19.69728052538706,2.3176468295184107,1951,24,21.874300841875204,50.64928224931817
19.72045108446337,2.3176236584983423,1951,24,21.874300841875204,50.64928224931817
19.74362141188856,2.3176004877099294,1951,24,21.874300841875204,50.64928224931817
19.76679150766494,2.3175773171531704,1951,24,21.874300841875204,50.64928224931817
19.789961371794835,2.3175541468280625,1951,24,21.874300841875204,50.64928224931817
19.813131004280557,2.317530976734603,1951,24,21.874300841875204,50.64928224931817
19.836300405124415,2.3175078068727903,1951,24,21.874300841875204,50.64928224931817
19.85946957432873,2.317484637242621,1951,24,21.874300841875204,50.64928224931817
19.882638511895816,2.3174614678440943,1951,24,21.874300841875204,50.64928224931817
19.905807217828,2.317438298677207,1951,24,21.874300841875204,50.64928224931817
19.928975692127576,2.317415129741957,1951,24,21.874300841875204,50.64928224931817
19.95214393479688,2.317391961038342,1951,24,21.874300841875204,50.64928224931817
19.975311945838214,2.3173687925663593,1951,24,21.874300841875204,50.64928224931817
19.998479725253908,2.317345624326007,1951,24,21.874300841875204,50.64928224931817
20.021647273046266,2.317322456317282,1951,24,21.874300841875204,50.64928224931817
20.04481458921761,2.3172992885401835,1951,24,21.874300841875204,50.64928224931817
20.06798167377025,2.3172761209947077,1951,24,21.874300841875204,50.64928224931817
20.091148526706508,2.3172529536808533,1951,24,21.874300841875204,50.64928224931817
20.114315148028695,2.317229786598617,1951,24,21.874300841875204,50.64928224931817
20.137481537739127,2.317206619747998,1951,24,21.874300841875204,50.64928224931817
20.16064769584012,2.317183453128992,1951,24,21.874300841875204,50.64928224931817
20.18381362233399,2.3171602867415984,1951,24,21.874300841875204,50.64928224931817
20.206979317223052,2.317137120585814,1951,24,21.874300841875204,50.64928224931817
20.230144780509626,2.317113954661637,1951,24,21.874300841875204,50.64928224931817
20.253310012196017,2.3170907889690646,1951,24,21.874300841875204,50.64928224931817
20.27647501228455,2.3170676235080947,1951,24,21.874300841875204,50.64928224931817
20.29963978077754,2.317044458278725,1951,24,21.874300841875204,50.64928224931817
20.3228043176773,2.317021293280953,1951,24,21.874300841875204,50.64928224931817
20.345968622986135,2.3169981285147765,1951,24,21.874300841875204,50.64928224931817
20.36913269670638,2.316974963980193,1951,24,21.874300841875204,50.64928224931817
20.39229653884034,2.316951799677201,1951,24,21.874300841875204,50.64928224931817
20.41546014939033,2.3169286356057968,1951,24,21.874300841875204,50.64928224931817
20.438623528358665,2.3169054717659794,1951,24,21.874300841875204,50.64928224931817
20.461786675747668,2.3168823081577457,1951,24,21.874300841875204,50.64928224931817
20.484949591559644,2.316859144781094,1951,24,21.874300841875204,50.64928224931817
20.508112275796915,2.316835981636021,1951,24,21.874300841875204,50.64928224931817
20.53127472846179,2.3168128187225254,1951,24,21.874300841875204,50.64928224931817
20.554436949556585,2.3167896560406045,1951,24,21.874300841875204,50.64928224931817
20.57759893908362,2.316766493590256,1951,24,21.874300841875204,50.64928224931817
20.600760697045207,2.3167433313714776,1951,24,21.874300841875204,50.64928224931817
20.623922223443664,2.3167201693842667,1951,24,21.874300841875204,50.64928224931817
20.64708351828131,2.3166970076286213,1951,24,21.874300841875204,50.64928224931817
20.670244581560446,2.316673846104539,1951,24,21.874300841875204,50.64928224931817
20.6934054132834,2.3166506848120174,1951,24,21.874300841875204,50.64928224931817
20.71656601345248,2.3166275237510545,1951,24,21.874300841875204,50.64928224931817
20.739726382070003,2.3166043629216477,1951,24,21.874300841875204,50.64928224931817
20.762886519138284,2.316581202323795,1951,24,21.874300841875204,50.64928224931817
20.78604642465964,2.316558041957493,1951,24,21.874300841875204,50.64928224931817
20.80920609863638,2.316534881822741,1951,24,21.874300841875204,50.64928224931817
20.832365541070832,2.316511721919536,1951,24,21.874300841875204,50.64928224931817
20.855524751965294,2.316488562247875,1951,24,21.874300841875204,50.64928224931817
20.878683731322088,2.3164654028077565,1951,24,21.874300841875204,50.64928224931817
20.901842479143536,2.316442243599178,1951,24,21.874300841875204,50.64928224931817
20.925000995431944,2.316419084622137,1951,24,21.874300841875204,50.64928224931817
20.948159280189625,2.316395925876632,1951,24,21.874300841875204,50.64928224931817
20.971317333418902,2.316372767362659,1951,24,21.874300841875204,50.64928224931817
20.99447515512209,2.3163496090802176,1951,24,21.874300841875204,50.64928224931817
21.017632745301494,2.3163264510293042,1951,24,21.874300841875204,50.64928224931817
21.040790103959438,2.316303293209917,1951,24,21.874300841875204,50.64928224931817
21.06394723109823,2.316280135622053,1951,24,21.874300841875204,50.64928224931817
21.087104126720185,2.3162569782657108,1951,24,21.874300841875204,50.64928224931817
21.11026079082762,2.3162338211408877,1951,24,21.874300841875204,50.64928224931817
21.13341722342285,2.3162106642475817,1951,24,21.874300841875204,50.64928224931817
21.156573424508192,2.31618750758579,1951,24,21.874300841875204,50.64928224931817
21.179729394085957,2.3161643511555106,1951,24,21.874300841875204,50.64928224931817
21.20288513215846,2.3161411949567405,1951,24,21.874300841875204,50.64928224931817
21.226040638728012,2.3161180389894787,1951,24,21.874300841875204,50.64928224931817
21.249195913796935,2.316094883253722,1951,24,21.874300841875204,50.64928224931817
21.272350957367543,2.316071727749468,1951,24,21.874300841875204,50.64928224931817
21.295505769442144,2.3160485724767144,1951,24,21.874300841875204,50.64928224931817
21.318660350023055,2.3160254174354593,1951,24,21.874300841875204,50.64928224931817
21.341814699112593,2.3160022626257004,1951,24,21.874300841875204,50.64928224931817
21.36496881671307,2.315979108047435,1951,24,21.874300841875204,50.64928224931817
21.3881227028268,2.315955953700661,1951,24,21.874300841875204,50.64928224931817
21.4112763574561,2.315932799585376,1951,24,21.874300841875204,50.64928224931817
21.434429780603274,2.3159096457015775,1951,24,21.874300841875204,50.64928224931817
21.457582972270654,2.3158864920492634,1951,24,21.874300841875204,50.64928224931817
21.48073593246054,2.3158633386284317,1951,24,21.874300841875204,50.64928224931817
21.50388866117525,2.3158401854390798,1951,24,21.874300841875204,50.64928224931817
21.527041158417102,2.3158170324812053,1951,24,21.874300841875204,50.64928224931817
21.550193424188407,2.3157938797548057,1951,24,21.874300841875204,50.64928224931817
21.573345458491485,2.315770727259879,1951,24,21.874300841875204,50.64928224931817
21.596497261328643,2.3157475749964234,1951,24,21.874300841875204,50.64928224931817
21.619648832702197,2.3157244229644354,1951,24,21.874300841875204,50.64928224931817
21.642800172614454,2.3157012711639133,1951,24,21.874300841875204,50.64928224931817
21.66595128106774,2.315678119594855,1951,24,21.874300841875204,50.64928224931817
21.689102158064365,2.3156549682572583,1951,24,21.874300841875204,50.64928224931817
21.712252803606642,2.31563181715112,1951,24,21.874300841875204,50.64928224931817
21.735403217696888,2.3156086662764386,1951,24,21.874300841875204,50.64928224931817
21.75855340033741,2.3155855156332112,1951,24,21.874300841875204,50.64928224931817
21.78170335153052,2.315562365221436,1951,24,21.874300841875204,50.64928224931817
21.804853071278547,2.3155392150411105,1951,24,21.874300841875204,50.64928224931817
21.82800255958379,2.3155160650922326,1951,24,21.874300841875204,50.64928224931817
21.85115181644857,2.3154929153747994,1951,24,21.874300841875204,50.64928224931817
21.874300841875204,2.3154697658888095,1951,24,21.874300841875204,50.64928224931817
